author,score,verdict,reach_median,likes,retweets,engagement,rel_amp,tweet
YouTube,2,Likely to fizzle,60,1239,273,1785.0,1.308,"Listen to your man, Bareezus preach. https://t.co/RhArppBJX3 #SlowJamTheNews #FallonTonight https://t.co/kbJNtM4kJm"
YouTube,19,Likely to fizzle,169,49,2,53.0,0.039,@alexalosey @MattSteffanina You nailed it! 🏃 #YouTubeRewind
Twitter,6,Likely to fizzle,89,1094,864,2822.0,2.69,Want to know how your Tweets are performing? Check out the revamped Tweet activity dashboard:  https://t.co/g6w5dsqIo0
Twitter,2,Likely to fizzle,60,1718,1551,4820.0,4.595,@justinbieber Encore! #LoveTwitter https://t.co/imvrcp7Qmr
Twitter,2,Likely to fizzle,60,1349,485,2319.0,2.211,"It's #InternationalCatDay — time for some Monday meow-tivation 😻

https://t.co/1FRj5eLq46 https://t.co/pTVaXLlsQM"
YouTube,16,Likely to fizzle,138,24,2,28.0,0.02,@Rainbowdashie86 More time for walking!
YouTube,2,Likely to fizzle,60,1594,304,2202.0,1.613,🎈 Hardcore balloon popping.🎈 https://t.co/ji6cLCyR4d https://t.co/sTFqi2fPUu
instagram,2,Likely to fizzle,60,1050,266,1582.0,1.162,Exploring Siberia’s snowy beauty with Ksenia Sazanovich #LifeOnEarthWWIM13 https://t.co/t4WxWBMxyl https://t.co/rC5J5ckp
YouTube,2,Likely to fizzle,60,1662,312,2286.0,1.675,There’s more to it than you think. 🌀🐱🌀  https://t.co/zY3uHpUrvG https://t.co/uckWZLjSsF
instagram,2,Likely to fizzle,60,2189,430,3049.0,2.239,#whoifollow with @MarthaStewart #IGThanksgiving https://t.co/9QH1kQf3Iz https://t.co/2Y4FRLzZMY
cnnbrk,2,Likely to fizzle,60,586,512,1610.0,1.168,"Chinese Olympian Chen Xinyi tests positive for banned substance, state-run news agency says. https://t.co/23r5AxXmXS htt"
YouTube,11,Likely to fizzle,134,59,6,71.0,0.052,@LamarrWilson …we’re listening.
YouTube,2,Likely to fizzle,60,1000,352,1704.0,1.248,"💧 on🌹 &amp; 5-octave ranges
Endless 🌈 &amp; 🔥 outfit changes
A 🎄 special starring a queen
These are @MariahCarey's fa"
YouTube,2,Likely to fizzle,60,1672,368,2408.0,1.764,Liquid. Gold. https://t.co/tx1sMy74K6 https://t.co/LRUIsHEjdP
Twitter,2,Likely to fizzle,60,1526,276,2078.0,1.981,"Break a leg tonight, @jimmykimmel! Your #JimmyKimmel emoji is sure to make the #Emmys best-dressed list. https://t.co/d3"
Twitter,2,Likely to fizzle,60,3812,1832,7476.0,7.127,"So many great videos, @vine! Watching these replies like 😂
https://t.co/A51TJtjmqH"
instagram,3,Likely to fizzle,67,1116,302,1720.0,1.263,"Did you celebrate #NationalFrenchFryDay yet? Don't worry, there's still time to ketchup 🍟 https://t.co/hWj2QyxIVv"
YouTube,2,Likely to fizzle,60,5013,1044,7101.0,5.202,⚠️ Caution: running men at work⚠️  @Caspar_Lee @KSIOlajidebt #YouTubeRewind https://t.co/EDdnrjD0gu https://t.co/lff14xj
instagram,2,Likely to fizzle,60,1689,422,2533.0,1.86,Pushing the bounds of homemade animation with @pinot https://t.co/L9Bt9ZPtTg https://t.co/hD0e9BsCdy
Twitter,8,Likely to fizzle,107,1265,301,1867.0,1.78,"You made our year, and you made our year, and EVERYBODY made our year!!! #PeopleWhoMadeMy2016 https://t.co/7OeqBnU2ye"
instagram,6,Likely to fizzle,87,707,148,1003.0,0.736,Discover more stories from the Spanish-speaking community. Follow @instagramES on Twitter and Instagram
cnnbrk,2,Likely to fizzle,60,873,356,1585.0,1.15,Kenyan runner David Rudisha wins men’s 800-meter gold at Rio 2016 to retain Olympic title. https://t.co/63TZQCsEjs https
Twitter,2,Likely to fizzle,60,2625,1000,4625.0,4.409,"We 👀 you, Jupiter. #JunoMission 
https://t.co/YphJMZhTo0"
instagram,2,Likely to fizzle,60,510,87,684.0,0.502,"A stroll along the Khalkhal-Asalem road in northern Iran #TheWeekOnInstagram
https://t.co/uYU3KkTe82"
instagram,2,Likely to fizzle,60,2140,422,2984.0,2.191,#artbasel artist Hayv Kahraman on gauging interest and the gender gap https://t.co/AcH5hy5da2 https://t.co/1JCSedl2BG
Twitter,2,Likely to fizzle,60,1504,4894,11292.0,10.765,We're reverting the changes to block functionality. https://t.co/H3W3V27rKN
YouTube,2,Likely to fizzle,60,1231,307,1845.0,1.352,.@duttypaul and @DuaLipa are here so you know it’s gonna be lit tonight. https://t.co/zB6cONCJNn #NoLie https://t.co/8KX
YouTube,2,Likely to fizzle,60,2584,421,3426.0,2.51,"Uptown Funk, @kendricklamar, @taylorswift13 and more winners from last night's #GRAMMYs https://t.co/jDTLXsGKXU https://"
cnnbrk,2,Likely to fizzle,60,207,153,513.0,0.372,Police force identifies cop who shot and killed Florida woman during civilian police drill https://t.co/yAoMEe3809 https
cnnbrk,2,Likely to fizzle,60,225,167,559.0,0.405,29 lawmakers say they will leave the party of South Korea’s impeached president. https://t.co/WoW2Ku8aNy https://t.co/R4
Twitter,2,Likely to fizzle,60,418,390,1198.0,1.142,"New Year's Day brought sports fans on Twitter onto the field and ice, into broadcast booths and overtime action: https:/"
YouTube,2,Likely to fizzle,60,1045,134,1313.0,0.962,#SkiGoals. https://t.co/DtggvIoHey https://t.co/rUAcquktOd
Twitter,2,Likely to fizzle,66,504,208,920.0,0.877,"Streaming LIVE:

@timkaine
#debates 
@mike_pence

Watch on Twitter NOW!
https://t.co/l2fPw8j3O6"
cnnbrk,2,Likely to fizzle,60,622,724,2070.0,1.501,762 murders makes 2016 the deadliest year in Chicago in nearly 2 decades. https://t.co/Kmp2eqMlyc https://t.co/KaoPey6Ou
YouTube,4,Likely to fizzle,74,726,85,896.0,0.656,"We want you to be the first to know, we’re with Dilden. DILDEN 4 EVA! https://t.co/c64i8WXKAV #BadInternet https://t.co/"
YouTube,6,Likely to fizzle,78,5881,1114,8109.0,5.941,100 coats of everything means 100 times more pretty. Right @Jenna_Marbles? https://t.co/ia2RZYBu7K https://t.co/PxbfNsRn
cnnbrk,2,Likely to fizzle,60,329,205,739.0,0.536,"UN investigator: Strict secrecy laws &amp; harassment by officials are creating ""atmosphere of fear"" in Australia. https"
YouTube,2,Likely to fizzle,60,1427,306,2039.0,1.494,It’s #NationalFrenchFryDay. Kick it! 🍟 🍟 🍟 https://t.co/XO9tG9CvHa https://t.co/14dVT0Jnq8
cnnbrk,2,Likely to fizzle,60,277,207,691.0,0.501,Former French Prime Minister Francois Fillon will lead country's Republican party after winning runoff on Sunday.… https
cnnbrk,2,Likely to fizzle,60,346,277,900.0,0.653,"Turkish and Russian envoys will meet today to discuss Syria, day after killing of Russia's ambassador to Turkey.… https:"
Twitter,2,Likely to fizzle,60,604,384,1372.0,1.308,Readers unite today on Twitter for #InternationalLiteracyDay 📚 Join in! https://t.co/DH49tInXzb
YouTube,2,Likely to fizzle,60,906,166,1238.0,0.907,If someone asks if you want candy today there’s only one answer … https://t.co/0Rah9HwnP2 #NationalCandyDay https://t.co
instagram,3,Likely to fizzle,69,675,144,963.0,0.707,"“If you jump, I jump!” #TheWeekOnInstagram
https://t.co/WsVRnk8e7A"
instagram,2,Likely to fizzle,60,2815,745,4305.0,3.161,"#DailyFluff
https://t.co/yxGXxOoPrU 🐦 https://t.co/ygkICifAmy"
YouTube,2,Likely to fizzle,60,1474,212,1898.0,1.39,This little guy’s known as the Jackass Penguin. Let’s rename him in the comments! https://t.co/AjnNvXuqkW https://t.co/Z
cnnbrk,2,Likely to fizzle,60,1299,731,2761.0,2.002,"Surgeons successfully use nose cells to repair damaged knee joints in patients, study in journal Lancet says.… https://t"
YouTube,40,Limited spread,418,39,2,43.0,0.031,@shannamalcolm can you name two movies these dinosaurs were in?
instagram,2,Likely to fizzle,60,1121,208,1537.0,1.128,Get pumped for the #FinalFour with @ReggieMillerTNT 🏀 #MarchMadness https://t.co/D3wKCKLly9 https://t.co/DvPNdkkYvS
Twitter,2,Likely to fizzle,60,115,189,493.0,0.47,Reading: New stories on power of Twitter in political campaigns: @adweek (http://t.co/Mje7dQRD) &amp; @AP (http://t.co/w
cnnbrk,2,Likely to fizzle,60,1160,1045,3250.0,2.358,Kanye West is under observation at a Los Angeles hospital after the cancellation of his concert tour. https://t.co/t2fej
instagram,2,Likely to fizzle,60,2085,525,3135.0,2.302,It's go time! 😱❄️ Watch #XGames videos on Instagram now https://t.co/sZo39nvseN
Twitter,6,Likely to fizzle,88,24,10,44.0,0.042,@mattbaumanNYC And who vs whom vs whose vs who’s.
YouTube,9,Likely to fizzle,95,376,204,784.0,0.574,"@najwakaram Congratulations, Najwa!"
YouTube,2,Likely to fizzle,60,563,71,705.0,0.516,"Don’t get in the water.

Too late → https://t.co/N4bhBZmf2O #BooTube https://t.co/I11bnxoQL9"
Twitter,34,Limited spread,337,35,12,59.0,0.056,"@HipsterBUS You sure can, Jeff! Here's how: https://t.co/L0Xiitrg2z"
Twitter,2,Likely to fizzle,60,95,172,439.0,0.418,Tune in and tweet in to the VMA's http://t.co/tEz5G080
YouTube,2,Likely to fizzle,60,950,156,1262.0,0.925,"An inspirational #YouTubeMusic playlist ✌️
Tag a friend who'll you'll change the world with. https://t.co/ou95JXTNQe ht"
Twitter,2,Likely to fizzle,60,217,62,341.0,0.325,@KeshaTedder we think so too! https://t.co/AbR24YjCJ7
YouTube,2,Likely to fizzle,60,1902,227,2356.0,1.726,"Pretty sweet, dude. https://t.co/EHZk8bwZG1 #CokeAndMentos4Lyfe https://t.co/DYIudbtVqr"
cnnbrk,2,Likely to fizzle,60,586,310,1206.0,0.874,Melania Trump sits down with Anderson Cooper -- watch AC360 on CNN at 8 p.m. ET on Monday. https://t.co/9gHeCAQp3d https
Twitter,2,Likely to fizzle,60,521,656,1833.0,1.747,"New Twitter Alerts features, and now available in more countries: https://t.co/8bcHS7zZlu"
instagram,2,Likely to fizzle,60,561,106,773.0,0.567,"“Everything about designing stationery just seemed to click.”  —Anna Bond, @RiflePaperCo #ShopSmall #SmallBizSat https:/"
cnnbrk,2,Likely to fizzle,60,302,504,1310.0,0.95,"One person has been shot at an airport in Oklahoma City, according to the city's police department.… https://t.co/tuDZ13"
YouTube,21,Likely to fizzle,206,79,30,139.0,0.102,@at2ui Best day everrrrrrr! ✨🌈✨
cnnbrk,2,Likely to fizzle,60,1219,1278,3775.0,2.737,Donald Trump leads Hillary Clinton 19-3 in the race to 270 electoral votes. Follow results on CNN… https://t.co/o1usQQ8J
cnnbrk,2,Likely to fizzle,60,209,227,663.0,0.481,"Man suspected in killing of ex-NFLer released from custody, authorities say https://t.co/9OzTx7tjj0 https://t.co/qYPLeiM"
Twitter,3,Likely to fizzle,70,462,119,700.0,0.667,"2nd half of #TNF is kicking off. 🏈

Keep up with all the action right here, right now!

https://t.co/WdzHD9qrrO"
Twitter,2,Likely to fizzle,60,1105,596,2297.0,2.19,"Keep your eye on that reply! When replying to a Tweet, you can pull down to see the original Tweet. http://t.co/iVcYve0V"
YouTube,17,Likely to fizzle,150,26,2,30.0,0.022,@TayZonday A YouTube video of Twitter questions. DIGITAL MASTERY. Also you can sing a lot higher than we thought you cou
YouTube,7,Likely to fizzle,88,23,4,31.0,0.023,@KaiRossBest Even better! Go hug a squirrel!
instagram,2,Likely to fizzle,60,947,208,1363.0,1.001,A family of skaters ride together #WHPfamily https://t.co/9J3Q55EOZl
Twitter,2,Likely to fizzle,60,39,9,57.0,0.054,"@DeAngeloRB, what can we say? You're great on the gridiron and on Twitter. Thanks for sharing. #LoveTwitter  https://t.c"
YouTube,2,Likely to fizzle,60,893,122,1137.0,0.833,"Watch, vote for and share your favorite ads from the big game at #YouTubeAdBlitz → https://t.co/mt6p63Lmwp https://t.co/"
instagram,2,Likely to fizzle,60,1213,269,1751.0,1.286,"#DailyFluff
https://t.co/kEDPzdauUf 🐾 https://t.co/ZIGjAY6MGc"
cnnbrk,2,Likely to fizzle,60,561,321,1203.0,0.872,CNN updates Road to 270 map: 2 states move to toss-up column; 2 lean Clinton's way. Watch debate tonight on CNN… https:/
Twitter,3,Likely to fizzle,70,557,522,1601.0,1.526,"2/9: Right away, you began giving us great ideas to help make Twitter better. https://t.co/upTBCki2pf"
instagram,2,Likely to fizzle,60,907,165,1237.0,0.908,Lines of light for #WHPpatterns https://t.co/MdBJwECuXO
Twitter,2,Likely to fizzle,60,751,155,1061.0,1.011,Get your fashion fix and see what's happening during #NYFW with @TwitterFashion. #FollowFriday https://t.co/6mI0VPhriJ
Twitter,2,Likely to fizzle,60,82,122,326.0,0.31,Super Data! http://bit.ly/di4LXO
YouTube,2,Likely to fizzle,60,634,78,790.0,0.579,"Hail to the chief: @PattonOswalt. 

New single from @Weezer, “I Love the USA” → https://t.co/TOVuhRZWtv https://t.co/y"
Twitter,2,Likely to fizzle,60,1264,277,1818.0,1.733,"Make @VidCon last a liiiiittle longer with slow-motion portraits of @AndreaRussett, @CaseyNeistat, @smosh, and more! htt"
YouTube,2,Likely to fizzle,60,1168,262,1692.0,1.24,👶 https://t.co/WApoNNfh5L https://t.co/hLyAXHpvRt
Twitter,13,Likely to fizzle,140,158,946,2050.0,1.954,Holler if you've got the #NewTwitter! Tell us what you think and send your questions to @support if you've got any.
cnnbrk,2,Likely to fizzle,60,240,145,530.0,0.384,"Pilot error to blame for deadly crash of Blue Angels flight in June in Tennessee, Navy says. https://t.co/oj96PDLvx4 htt"
Twitter,2,Likely to fizzle,60,671,261,1193.0,1.137,"Yesterday we opened the @NeighborNest, our local community center for tech and learning: https://t.co/dsCVJRzHPS http://"
YouTube,86,Viral potential,998,10,1,12.0,0.009,@Matt_Silverman Civic duty has... never... been... CUTER! ✨😍✨ #voteIRL
Twitter,2,Likely to fizzle,60,4473,1836,8145.0,7.765,When you realize you get an extra hour of sleep tonight... #DaylightSavings https://t.co/fqW8agYbcF
instagram,2,Likely to fizzle,60,1129,172,1473.0,1.082,Dreamy looks from @wmag's Instagram-first fashion shoot #LFW https://t.co/0BvyZWUuxn
Twitter,2,Likely to fizzle,60,93,142,377.0,0.359,Twitter wine! http://t.co/zDRGWvM cc/@Fledgling
Twitter,2,Likely to fizzle,60,625,412,1449.0,1.381,"The #debate is LIVE on Twitter.

Watch the action unfold.👇
https://t.co/l2fPw8j3O6"
instagram,2,Likely to fizzle,60,661,137,935.0,0.686,This week’s Hashtag Highlight = #WhipItWednesday with @Lano132 https://t.co/RvGikeRdM4
cnnbrk,2,Likely to fizzle,60,401,696,1793.0,1.301,"Power outage in Puerto Rico leaves nearly 1.5M people in the dark, government-run electric company says. https://t.co/Cz"
instagram,2,Likely to fizzle,60,1245,282,1809.0,1.329,"#DailyFluff
https://t.co/jknNlE05si 🐾 https://t.co/Uenf2ASLHk"
YouTube,14,Likely to fizzle,135,141,83,307.0,0.225,@greysonchance It was our pleasure! Come back again soon!
Twitter,2,Likely to fizzle,60,626,291,1208.0,1.153,We can’t reach our goals alone. #JoinTheFlock to help us better serve people around the world: https://t.co/03b9Y1lhQf
YouTube,2,Likely to fizzle,60,1161,220,1601.0,1.173,This video is making us feel pawesome right meow. https://t.co/Rskucv2Lmx https://t.co/dU9Ioi1scn
Twitter,2,Likely to fizzle,60,108,36,180.0,0.171,"@avneeshk91 Keep learning and growing, Avneesh! #LoveTwitter https://t.co/1koYAebUAn"
instagram,2,Likely to fizzle,60,1566,371,2308.0,1.695,Shadows. Silhouettes. Figures wreathed in mist and smoke. Serkan Çolak celebrates obscure:  https://t.co/WZcCc3qQb0 http
instagram,2,Likely to fizzle,60,1440,357,2154.0,1.581,"#DailyFluff 
https://t.co/kRjEe4ds1a 🐾 https://t.co/PhHYNMZNgH"
Twitter,2,Likely to fizzle,60,3144,3092,9328.0,8.892,New! Find the best of Twitter in an instant with Moments: https://t.co/QAKGUSVBbT http://t.co/KAjfkysVKC
instagram,2,Likely to fizzle,60,2782,808,4398.0,3.229,Baby animals. Rock 'n' roll. Kwanzaa dancers. Watch the festive #IGHolidays2015 on Instagram in select countries https:/
cnnbrk,2,Likely to fizzle,60,701,804,2309.0,1.676,"N. Korea fired a ballistic missile around 7:50 a.m. local time, S. Korean officials say https://t.co/8shNEwgQS1 https://"
instagram,7,Likely to fizzle,97,1985,320,2625.0,1.927,"Instagram or it didn't happen. Post a video of your festivities and use #IGNewYear2016! (We're checking, seriously)"
cnnbrk,2,Likely to fizzle,60,212,161,534.0,0.387,"Ex-French President Jacques Chirac hospitalized for pulmonary infection, AFP says. https://t.co/gAB8xXgsQJ https://t.co/"
cnnbrk,2,Likely to fizzle,60,588,298,1184.0,0.858,"The suspect in the fatal shooting of a San Antonio police officer has been arrested, the city's police chief said… https"
Twitter,2,Likely to fizzle,60,568,151,870.0,0.829,"Take a #TravelTuesday hike and explore the red rock wonderland of @ArchesNPS.
https://t.co/8IdL21oUHB https://t.co/Z3Gp"
YouTube,2,Likely to fizzle,60,2325,689,3703.0,2.713,Holy 💩  that was close! https://t.co/c1Qhe5brqO https://t.co/8ZuxSBAsV1
instagram,2,Likely to fizzle,60,1117,201,1519.0,1.116,"In Singapore, appreciating a cup of coffee and the world outside https://t.co/Bce1lKrAdX"
instagram,2,Likely to fizzle,60,730,113,956.0,0.701,"For Loose Leaf, all the plants &gt; no plants 🌱 https://t.co/ozDDbfwduc"
YouTube,2,Likely to fizzle,60,939,103,1145.0,0.839,".@AURORAmusic performs ""I Went Too Far"" from her new album on @colbertlateshow. https://t.co/FLRiulCHc6 #LSSC https://t."
YouTube,2,Likely to fizzle,60,1395,283,1961.0,1.437,Glitch out in the new @CalvinHarris video → https://t.co/JrIVO4mKwt https://t.co/EtdIs5CdJU
YouTube,15,Likely to fizzle,161,154,6,166.0,0.122,"@jacksfilms Of course! Stay shiny, Jack!"
YouTube,2,Likely to fizzle,60,2414,625,3664.0,2.684,Jump on a sled and cruise through Switzerland. https://t.co/DqKZrJFpfT https://t.co/WIOvGzcmHB
YouTube,2,Likely to fizzle,60,1301,212,1725.0,1.266,NBD just practicing leaping into Unicorn Island. https://t.co/NtHB1DIBd0 #AT2UI #YTRedOriginals https://t.co/868bycRKgc
cnnbrk,2,Likely to fizzle,60,1284,489,2262.0,1.64,"OLYMPICS: Michael Phelps wins 22nd gold medal, his fourth from Rio, in 200-meter individual medley. https://t.co/BBO5ocb"
instagram,2,Likely to fizzle,60,1723,458,2639.0,1.938,Creating playful art can be a labor of love https://t.co/UXwoknVzYx https://t.co/fUDvHNy5gY
YouTube,8,Likely to fizzle,97,9,2,13.0,0.01,@JentotheDen We want to hear your ukulele forever. We need to find more people to register to #voteIRL.
cnnbrk,2,Likely to fizzle,60,823,386,1595.0,1.157,"Donald Trump tells Wall Street Journal there is ""zero chance I'll quit"" presidential race. https://t.co/YgOFyrtL2L"
cnnbrk,2,Likely to fizzle,60,331,235,801.0,0.581,Pacific Northwest is bracing for a second storm aiming to pummel the coast today with intense wind and rain.… https://t.
instagram,2,Likely to fizzle,60,2793,838,4469.0,3.281,"Compelling, not creepy: @scottradke’s lovable creatures https://t.co/8OXejndolI https://t.co/9f446FFFX1"
instagram,2,Likely to fizzle,60,1113,247,1607.0,1.18,"#DailyFluff
https://t.co/70P9f5NW5w 🐾 https://t.co/eKk7UHHG1b"
instagram,2,Likely to fizzle,60,980,144,1268.0,0.93,One happy pup tucked into a wheat field https://t.co/9EU5FfoDKy
Twitter,2,Likely to fizzle,60,1352,514,2380.0,2.269,"🎵 But I would swim five thousand miles and I would swim five thousand more 🎵
https://t.co/Trn635Yf8Y"
instagram,2,Likely to fizzle,60,1202,343,1888.0,1.386,Under the microscope: Capturing New York City’s pond life https://t.co/T3unGK4LLS https://t.co/uxyKv91wq1
YouTube,2,Likely to fizzle,60,1909,363,2635.0,1.93,"This took a lot of work work work work work.

Top Hits of 2016 in 3 minutes by @UsTheDuo → https://t.co/G0KQs81NTu htt"
YouTube,2,Likely to fizzle,60,3196,661,4518.0,3.31,It’s #NationalDonutDay omnomnomnomnom. https://t.co/DZMN03g8GZ 🍩🍩🍩 https://t.co/RCAy0MpMMd
instagram,2,Likely to fizzle,60,900,187,1274.0,0.935,After class and between assignments with Cassandra Giraldo https://t.co/HzsxN2XmnZ https://t.co/QNSp30myxf
Twitter,2,Likely to fizzle,60,900,573,2046.0,1.95,Party on! Share your birthday celebration by adding your birth date to your Twitter profile: https://t.co/rTSktq9FMm htt
cnnbrk,2,Likely to fizzle,60,183,131,445.0,0.323,Detainees at Manus Island refugee camp blame Australian government for death of 27-year-old refugee last week.… https://
YouTube,3,Likely to fizzle,71,1125,239,1603.0,1.174,"Are you #TeamBoxers or #TeamBriefs?

100 years of Men’s underwear → https://t.co/kFszfEF4Cf https://t.co/vpZphcz2On"
Twitter,2,Likely to fizzle,60,139,188,515.0,0.491,Our latest Hack Week fest focused on efficiency - and then there was Code Class. Check it! http://t.co/jp5DHhNw
cnnbrk,2,Likely to fizzle,60,356,488,1332.0,0.966,"Man who killed himself after Munich shootings thought to be only gunman, police say. https://t.co/Ch2DXj1grr https://t.c"
YouTube,2,Likely to fizzle,60,1807,373,2553.0,1.87,No doubt this Gwen Stefani song will be on repeat all weekend. https://t.co/XSEqR7fXfB https://t.co/io7M5kxUDo
instagram,2,Likely to fizzle,60,646,128,902.0,0.662,"Living on the road, traveling the world with @BenoitPaille https://t.co/DYooMQC83L"
YouTube,2,Likely to fizzle,60,881,136,1153.0,0.844,Let’s get this Wednesday poppin’. https://t.co/DBYRmrRHYC https://t.co/Cf84WBifQC
Twitter,2,Likely to fizzle,60,839,463,1765.0,1.683,"#LoveWins was the biggest moment on Twitter this summer. See the whole list, via @people: http://t.co/90xzlFqsiv http://"
instagram,2,Likely to fizzle,60,1035,224,1483.0,1.089,"“Stay sharp, stay curious and don’t force it.” —@currystrumpet #WhenPeopleMatchPlaces https://t.co/LaRAtODCep"
YouTube,2,Likely to fizzle,60,1892,496,2884.0,2.113,You better lose yourself to mom’s spaghetti. https://t.co/o6QJqUEXLh 🍝🍝🍝 #NationalSpaghettiDay https://t.co/CAJydAWu0L
instagram,2,Likely to fizzle,60,1152,299,1750.0,1.285,"“If I don’t help conserve it, there won’t be anything left for me to paint.” —@mamachui2 
https://t.co/nmUuQZofOk"
YouTube,33,Limited spread,322,32,6,44.0,0.032,"@HeFlawless Like always, a flawless video. Thank you, Kenneth! #ProudToBe"
Twitter,8,Likely to fizzle,86,181,1159,2499.0,2.382,"And, we hit about 5,500 Tweets per second (TPS). For context, this TPS is more than Osama Bin Laden's death & on par w/ "
Twitter,5,Likely to fizzle,78,793,177,1147.0,1.093,"By car, plane or sleigh — where are you heading for the holidays? #TravelTuesday https://t.co/bEjPM51QqY"
cnnbrk,2,Likely to fizzle,60,1071,338,1747.0,1.268,Indians beat Cubs 7-2 in Game 4 of World Series.  https://t.co/kNHHNW8kK9 https://t.co/tuVZcKzOzc
YouTube,2,Likely to fizzle,60,875,154,1183.0,0.867,"Sean Paul, it’s nice to @Sia you again. https://t.co/9QglzgjrXz https://t.co/xJFNDZGXU1"
instagram,2,Likely to fizzle,60,1238,311,1860.0,1.366,“My dance is neither a philosophy nor a job; it is the way I am feeling emotionally.” —Olga Kuraeva https://t.co/TsXl81r
instagram,2,Likely to fizzle,60,1348,261,1870.0,1.373,"#DailyFluff 
https://t.co/jhCruYD30C 🐾 https://t.co/RAhx9KmYDv"
YouTube,2,Likely to fizzle,60,906,217,1340.0,0.981,We're not opposable to this. https://t.co/zyKzBoonl4 https://t.co/TTDtsxLAF6
Twitter,22,Likely to fizzle,175,57,146,349.0,0.333,"It's amazing that today we're celebrating our 140th ""character"" here at Twitter. Thanks to @BT for helping us party!"
instagram,2,Likely to fizzle,60,647,108,863.0,0.633,Going the distance with runner @Mo_Farah https://t.co/dspQbsylWe
YouTube,2,Likely to fizzle,60,844,110,1064.0,0.779,🎅  ƨɒmƚƨiɿʜɔ yɿɿɘm ɒ uoy ʜƨiw ɘw 🎅 https://t.co/2FfuFtJYQb https://t.co/TEkzdgif5M
YouTube,2,Likely to fizzle,60,1028,172,1372.0,1.005,GOAL! Sort of. @MatPatGT and @CaptainSparklez play car soccer IRL → https://t.co/oYOWOH1j1v #GameLab https://t.co/hiMlKs
cnnbrk,2,Likely to fizzle,60,388,372,1132.0,0.821,"At least 40 people killed when train derails near India's northern city of Kanpur, officials say. https://t.co/Hk00nFys7"
Twitter,2,Likely to fizzle,60,103,95,293.0,0.279,"A life on the Streets, Captured by Twitter http://t.co/Ure7T12 (Follow-up story from this previous Tweet: http://t.co/TA"
Twitter,2,Likely to fizzle,60,709,202,1113.0,1.061,"Group Direct Messages keep those who need to know, in the know. 

Party with #TwitterTips 🎉 https://t.co/JMBg3mMb7k
h"
YouTube,2,Likely to fizzle,60,675,100,875.0,0.641,"When you realize your day’s about to get lit 🚀 🚀 🚀

Blast off with #BrokeShow →  https://t.co/QX81dohX4A https://t.co/"
Twitter,2,Likely to fizzle,60,1664,467,2598.0,2.477,"When you see ⏪👆⏩ on a GIF, control time — frame by frame. 

Give these ScratchReels a scrub: https://t.co/zS4NL4sZIr
"
instagram,2,Likely to fizzle,60,1357,313,1983.0,1.456,A mesmerizing view of the Northern Lights from @stationcdrkelly's #YearInSpace https://t.co/Gdm2CtJhmd
YouTube,5,Likely to fizzle,82,47,2,51.0,0.037,@Shonduras wheels of fire 🔥🔥🔥
YouTube,2,Likely to fizzle,60,1197,247,1691.0,1.241,.@Maxgschneider and @iAm_Dytto turn the lights down low for an intense dance session. https://t.co/4xCcmg1Zz7 https://t.
instagram,2,Likely to fizzle,63,802,160,1122.0,0.823,Mark your calendars: #WWIM14🍴 is Sept. 17 and 18! And it's all about FOOD. Tell us about your InstaMeet here: https://t.
YouTube,2,Likely to fizzle,60,1078,216,1510.0,1.108,Domi-yes. Very rare triple spiral → https://t.co/tQ2mPsX007 https://t.co/uuOiDgxNom
instagram,2,Likely to fizzle,60,1274,284,1842.0,1.352,“I get so awe-inspired when I look at the stars and sky...the beauty in our world.” –Rob Simonsen #AstronomyDay https://
YouTube,2,Likely to fizzle,60,1196,202,1600.0,1.176,It’s gettin’ #HOTTERTHANHELL in here. https://t.co/Iv8JFDRLZU https://t.co/B754wVJRvX
YouTube,2,Likely to fizzle,60,1062,160,1382.0,1.012,One word: nope. https://t.co/RcBSkxoFJt https://t.co/PouJxtN0oe
instagram,2,Likely to fizzle,60,623,135,893.0,0.655,Meet the Game Boy Cameraman: a photographer who works with just 128 pixels. https://t.co/zgw0cXgBCO
instagram,2,Likely to fizzle,60,1264,203,1670.0,1.226,“I don’t cook. Rice Krispies Treats are the only thing I can make.” –Jessica Siskin https://t.co/SkUFony6Iu
YouTube,2,Likely to fizzle,60,1453,175,1803.0,1.321,"Drop that sick beat, meow. https://t.co/hnLg1rsh0S https://t.co/UdknCNi9ta"
Twitter,2,Likely to fizzle,60,1407,1141,3689.0,3.517,"Starting today, you can pin a Tweet to your profile from iOS and Android. Go ahead, make a statement. 📌 http://t.co/iK31"
instagram,2,Likely to fizzle,60,898,130,1158.0,0.85,“You feel so alive after making it through a difficult rapid.” —@aleixkayak https://t.co/w1opoTAOBk
cnnbrk,2,Likely to fizzle,60,507,449,1405.0,1.02,"Los Angeles police shot and killed a boy, 14, after he shot at the officers, police say. https://t.co/ZlWeKqw3jD https:/"
Twitter,2,Likely to fizzle,60,866,249,1364.0,1.3,"This #TravelTuesday, we’re talking about a little place called Aspen. https://t.co/eiE7OcRtaU https://t.co/8OoxzoAQBj"
instagram,2,Likely to fizzle,60,1041,251,1543.0,1.133,The top 10 #Views from @Drake's Instagram👌 (via @billboard) https://t.co/jOuVSIJZXS
Twitter,10,Likely to fizzle,105,16,11,38.0,0.036,"@JohnPCordray The comments will still show up in your live video directly, just like they would if using Periscope."
Twitter,2,Likely to fizzle,60,112,83,278.0,0.265,"Thanks to @freelancewhales for coolest show ever! Ok, you can decide for yourself. Watch the show at http://t.co/JWsswJZ"
cnnbrk,2,Likely to fizzle,60,224,150,524.0,0.38,Islamist group Al-Shabaab takes credit for car bomb in Mogadishu that killed Somali general https://t.co/zfb8qIsmMu http
cnnbrk,2,Likely to fizzle,60,266,166,598.0,0.433,Veterinarian says he contracted tuberculosis from a wildebeest. https://t.co/Tgx17B8hC6 https://t.co/avr5S6rXXe
cnnbrk,2,Likely to fizzle,60,234,279,792.0,0.574,"At least 26 people die after tour bus crashes into guardrail, catches fire in Taiwan, official news agency says. 
https"
instagram,2,Likely to fizzle,60,511,98,707.0,0.519,Framing Lady Liberty from the ferry for #WHPgetclose https://t.co/Xl4D7vg6Bx
instagram,2,Likely to fizzle,60,576,128,832.0,0.61,"“The thing that makes me #PerfectlyMe is growing into old age positively, not invisibly.” —@alternativeage https://t.co/"
YouTube,22,Likely to fizzle,183,36,7,50.0,0.037,@anthemlights Thanks for visiting! Hope you had fun!
Twitter,2,Likely to fizzle,60,321,87,495.0,0.472,"@chrishemsworth, you ain't afraid of no ghosts (or spiders)! Can't wait for what you Tweet next. #LoveTwitter https://t."
Twitter,2,Likely to fizzle,60,3991,1142,6275.0,5.982,"Stickers overboard! #StickTogether with @EthanDolan, @GraysonDolan, and crew. https://t.co/tUzu8Am73e"
YouTube,7,Likely to fizzle,86,8,1,10.0,0.007,@lacieandrobin Hooray for vote goats! Too bad goats can't register to vote. #voteIRL
cnnbrk,3,Likely to fizzle,67,698,885,2468.0,1.791,6 people are missing after a small plane loses contact over Lake Erie. https://t.co/Z1rSnNWlPq
YouTube,5,Likely to fizzle,79,46,4,54.0,0.04,@TobyTurner Too real.
instagram,13,Likely to fizzle,125,1960,382,2724.0,2.001,"“Often I’ll be somewhere and I’ll see a pile of stuff and think, ‘Should I stick that on my face?’” —prop master Michael"
instagram,2,Likely to fizzle,60,1303,216,1735.0,1.274,Express yourself through song and dance #WHPexpressions https://t.co/iWcnsnkMS7
Twitter,73,Has legs,831,1612,757,3126.0,2.98,Happy #FirstDayOfSummer! Which emojis describe your summer plans?
instagram,2,Likely to fizzle,60,2282,397,3076.0,2.258,#WeeklyFluff https://t.co/UREgY8WxLq
Twitter,2,Likely to fizzle,60,5009,1291,7591.0,7.236,It all begins with a Tweet! Learn how you can start or join any conversation on Twitter. #TwitterTips https://t.co/yCccv
YouTube,9,Likely to fizzle,102,753,51,855.0,0.626,@AmazingPhil We did and it was a little prickly.
YouTube,6,Likely to fizzle,84,51,10,71.0,0.052,@Dormtainment So close! Won't be much longer 💯 💯 💯
YouTube,2,Likely to fizzle,60,597,137,871.0,0.638,"If you were a hummingbird, you’d probably be swiping right. 

How hummingbirds flirt → https://t.co/VhaSTNaZKh https:/"
Twitter,2,Likely to fizzle,60,709,284,1277.0,1.217,"Let the world weigh in by Tweeting a poll. #TwitterTips

🎯 https://t.co/JMBg3mMb7k
https://t.co/sjdTCLCvq0"
YouTube,26,Limited spread,249,27,7,41.0,0.03,@AwesomenessTVUK Well today's your lucky day! 🥑 🥑 🥑
YouTube,2,Likely to fizzle,60,793,99,991.0,0.726,"🚗🔥🚙     💃

Dance while the world burns to @ToveLo’s “True Disaster” → https://t.co/xRD8L2zNuF https://t.co/4S32GENEKT"
cnnbrk,2,Likely to fizzle,60,205,112,429.0,0.311,"3 suspects in the Kim Kardashian West heist have been released, including her chauffeur, Paris prosecutor says.… https:/"
YouTube,2,Likely to fizzle,60,1852,361,2574.0,1.886,"Eruption selfie! 

Close-Up View of Mount Semeru Volcano → https://t.co/ErCU7BU3zV https://t.co/s5UhOK6UyJ"
instagram,2,Likely to fizzle,60,850,182,1214.0,0.891,"“Every time I look at one of the drawings, they make me smile, and I think we need more of that.” —@MarieMcG23 https://t"
Twitter,41,Limited spread,411,1543,651,2845.0,2.712,"If you could pick a super power, what would it be? #NationalSuperheroDay 💪"
Twitter,2,Likely to fizzle,60,3298,6037,15372.0,14.654,"#RIPNelsonMandela. ""..to live in a way that respects and enhances the freedom of others."" http://t.co/48VUAvwGYV http://"
instagram,2,Likely to fizzle,60,694,113,920.0,0.675,Let your thumbs do all the rummaging👗 (via @garancedore) https://t.co/oFzvSftgkU
Twitter,2,Likely to fizzle,60,523,181,885.0,0.844,"The #debates continue, streaming LIVE on Twitter. Watch the final presidential debate on Wednesday, 10/19.
https://t.co"
instagram,2,Likely to fizzle,60,818,159,1136.0,0.833,Capture your real-life dreams &amp; participate in this weekend's hashtag project #WHPdaydream: https://t.co/bw1Xh1P3oF
YouTube,2,Likely to fizzle,60,2359,566,3491.0,2.558,Life is pizza.🍕🍕🍕 https://t.co/Z7UNvqdQN4 https://t.co/kpS4ANW7P0
instagram,2,Likely to fizzle,60,1307,271,1849.0,1.358,"Fact, fiction and everything in between 📚 #LibraryLoversMonth #Bookstagram  https://t.co/6zof3Gudk1"
instagram,2,Likely to fizzle,60,1288,324,1936.0,1.421,"“Liberté, égalité, fraternité”: celebrating France with @LucilleClerc https://t.co/t8F4aOYyHw https://t.co/APjZkWVE8Y"
instagram,2,Likely to fizzle,60,1466,471,2408.0,1.769,Raise your hand if you can't live without caffeine🙋 #NationalCoffeeDay https://t.co/CE3Fv3vYAA
Twitter,2,Likely to fizzle,60,201,48,297.0,0.283,"@DaleJr, Twitter is better with friends. Thanks for spreading the word! 🏁 #LoveTwitter  https://t.co/d80gk769xd"
instagram,2,Likely to fizzle,60,689,131,951.0,0.698,“The best part of the adventure lies in the unknown.” —@tyler_metcalfe https://t.co/yqoWdWvOjL
cnnbrk,2,Likely to fizzle,60,5674,2675,11024.0,7.994,"Mother Teresa, who devoted her life to helping the poor in India, has been declared a saint. https://t.co/WeRgKIgBLH htt"
Twitter,2,Likely to fizzle,60,93,22,137.0,0.13,@yasminrk_ Hey. 😉 https://t.co/YbgSesLUl7
YouTube,2,Likely to fizzle,60,966,173,1312.0,0.961,HEYYEYAAEYAAAEYAEYAA. He-Man’s back! https://t.co/Npyg1zNIyT https://t.co/Jpqb3qihoA
YouTube,2,Likely to fizzle,60,1920,354,2628.0,1.925,This guy’s about to drop in on a glass skateboard. Guess what happens next. https://t.co/YDtF52v2OR https://t.co/HBj3HBU
cnnbrk,2,Likely to fizzle,60,313,90,493.0,0.358,N.Y. Gov. Andrew Cuomo speaks at #DemConvention. Follow #DemsInPhilly events and analysis https://t.co/TeRFTKXYTz https:
cnnbrk,2,Likely to fizzle,60,19638,12678,44994.0,32.628,"US Army says it will not allow proposed route of Dakota Access Pipeline, a victory for the Standing Rock Sioux trib… htt"
cnnbrk,2,Likely to fizzle,60,464,456,1376.0,0.997,"Algae to blame for green water in Olympic diving pool but no risk to athletes, organizers say. https://t.co/4g16rgnwz9"
cnnbrk,2,Likely to fizzle,60,1062,679,2420.0,1.755,"2 men arrested, charged with murder in shooting of Nykea Aldridge, the cousin of NBA star Dwyane Wade. https://t.co/oByo"
instagram,21,Likely to fizzle,185,1029,349,1727.0,1.269,“Be yourself. Post what’s true to your business and you.” —@Jana_Lees
YouTube,17,Likely to fizzle,134,11,6,23.0,0.017,@Johnpiggott5 You know how it is: all's whale that ends whale.
YouTube,2,Likely to fizzle,60,1270,150,1570.0,1.152,.@zaralarsson’s living that #LushLife 😎  https://t.co/KAGbAd8e1N https://t.co/sPfoAdVOqM
YouTube,2,Likely to fizzle,60,629,121,871.0,0.638,You’re looking at the biggest rock band in the world → https://t.co/h2z95tsq1e https://t.co/JOTfYNR37j
cnnbrk,2,Likely to fizzle,60,1482,1075,3632.0,2.634,"America's middle class got its first raise since 2007, and the poverty rate went down, Census Bureau says. https://t.co/"
cnnbrk,2,Likely to fizzle,60,1626,1491,4608.0,3.342,"Debbie Reynolds, 84, was taken to a Los Angeles hospital one day after daughter Carrie Fisher died, LA Times says.… http"
YouTube,2,Likely to fizzle,60,1982,358,2698.0,1.977,You’re invited to the cutest prom ever. 🐶✨🐶  https://t.co/z6YL5ETUln https://t.co/y6OKApHLIY
Twitter,2,Likely to fizzle,60,264,68,400.0,0.381,"@CourtneyCymone Thanks Courtney, we think so too! #LoveTwitter https://t.co/JyitiYv1r1"
Twitter,2,Likely to fizzle,60,24,4,32.0,0.03,@KenRoth Wonder if he would’ve liked GIFs too. https://t.co/UMJQ9LXZJj
Twitter,4,Likely to fizzle,76,1028,286,1600.0,1.525,"Dr. King’s legacy will continue to inspire us all.

To honor that, share your visions for the future by Tweeting #IHav"
instagram,2,Likely to fizzle,60,966,209,1384.0,1.016,Star trails 🌟 #SpaceDay https://t.co/9pLz94C8Bs
instagram,2,Likely to fizzle,60,585,137,859.0,0.63,"Featured submissions from this weekend’s hashtag project: #WHPframeit
https://t.co/Q3rN27q8wX https://t.co/UFLbeCtCZV"
YouTube,2,Likely to fizzle,60,927,107,1141.0,0.836,He’ll steal your socks and melt with you. https://t.co/50bI2QEN5U https://t.co/lHfGIdAZXh
YouTube,2,Likely to fizzle,60,1340,287,1914.0,1.404,The view from a tree in 360 degrees → https://t.co/GWeD26qJUl https://t.co/Mwlzup2TFM
Twitter,7,Likely to fizzle,89,784,683,2150.0,2.05,We're pleased to welcome @marjscar to our board of directors.
instagram,5,Likely to fizzle,73,798,159,1116.0,0.819,Most heartwarming story ever 🐾 (via @POPSUGAR) https://t.co/BOY5ndwnuJ
Twitter,2,Likely to fizzle,60,1490,408,2306.0,2.198,"Great on the court, great in 140. Thanks for locking in with us, @StephenCurry30. #LoveTwitter https://t.co/hx1Fsu1SJX"
YouTube,74,Has legs,863,30,2,34.0,0.025,@LamarrWilson Enjoy your break! We'll see you ... in the fall?! 🍂 🍂 🍂
instagram,2,Likely to fizzle,60,1344,332,2008.0,1.474,"#DailyFluff
https://t.co/LUvfxwzfNl 🐾 https://t.co/nyl0tkxdOG"
instagram,2,Likely to fizzle,60,1047,241,1529.0,1.123,Playing dress-up in the animal world with Phannapast Taychamaythakool https://t.co/JGZDrw4FTs https://t.co/8Y9Je3SubG
YouTube,2,Likely to fizzle,60,1406,788,2982.0,2.185,.@adamlambert and @laleh come together to inspire strength. https://t.co/ISj7Eug1ew #WelcomeToTheShow https://t.co/vFKQY
YouTube,6,Likely to fizzle,84,15,29,73.0,0.053,@yogaghost @rhettandlink 👏 👏 👏 👏
instagram,2,Likely to fizzle,60,1313,275,1863.0,1.368,Working hard toward an @NFL dream with @BraxtonMiller5 https://t.co/DuLHxisrcG https://t.co/alicPfLQGP
YouTube,2,Likely to fizzle,60,735,115,965.0,0.707,"""Work hard at being the best at your craft.  Develop your skill and your voice. Meet people who can help."" -… https://t."
YouTube,3,Likely to fizzle,72,1124,251,1626.0,1.191,"OH MY DAYUM, it’s #NationalJunkFoodDay! @DaymDrops, take it away … https://t.co/D1yWEnsqxl https://t.co/dvKC0cNTFF"
Twitter,2,Likely to fizzle,60,1920,824,3568.0,3.401,"Celebrating the Cosmos -- Happy  #AstronomyDay ✨ 
https://t.co/dvj2Y3dwYz https://t.co/Ft4zGf7dpJ"
YouTube,2,Likely to fizzle,60,696,85,866.0,0.634,"Learn ""How to Win Game Day"" with @jakeandamir, @lifeaseva, @flula and friends. https://t.co/OKn9JE6uue https://t.co/DbeC"
cnnbrk,5,Likely to fizzle,76,173,171,515.0,0.373,"1 person killed, 6 hurt when car bomb explodes outside the CARE NGO in Kabul. https://t.co/Ls2qMTzbYh"
instagram,2,Likely to fizzle,60,922,191,1304.0,0.957,Get ready for Worldwide InstaMeet 14! Here's some inspiration from @StyleCaster in honor of #WWIM14🍴's theme: food. http
instagram,2,Likely to fizzle,60,1699,330,2359.0,1.732,#DailyFluff 🐾 https://t.co/gyhusS9MA5
Twitter,2,Likely to fizzle,60,832,281,1394.0,1.329,"Discover the latest on any topic, instantly. Search to see what everyone's saying. #TwitterTips https://t.co/EvdxGjppjp"
cnnbrk,2,Likely to fizzle,60,643,403,1449.0,1.052,"Libertarian and Green Party presidential candidates fail to qualify for first debate, commission says. https://t.co/6lE0"
YouTube,2,Likely to fizzle,60,1038,233,1504.0,1.103,Meet the man rescuing abandoned cats in Syria. https://t.co/Db1z2rLATH https://t.co/hAi1yZ2Gyp
YouTube,2,Likely to fizzle,60,1782,348,2478.0,1.821,You have much to learn young kitten-hopper. https://t.co/sPN8ZkSd4Z https://t.co/TUBpRgknMq
cnnbrk,2,Likely to fizzle,60,433,479,1391.0,1.009,"Turkish air raid kills as many as 200 Kurdish militia north of Aleppo, Syria, according to Turkish state-run media.… htt"
YouTube,3,Likely to fizzle,68,684,87,858.0,0.629,This video of a DIY planetarium is universally relatable → https://t.co/iBCMWTHpCq https://t.co/fRm7tVHiYV
cnnbrk,2,Likely to fizzle,60,300,350,1000.0,0.725,"Gov. Christie says 1 killed, 108 injured in train crash; train engineer critically injured and hospitalized. https://t.c"
Twitter,2,Likely to fizzle,60,757,319,1395.0,1.33,Bring some birthday joy to your profile. New today: add your birth date from our Android app. http://t.co/K7qa9hy1EO
instagram,2,Likely to fizzle,60,816,161,1138.0,0.835,“I wish people would see me as an ordinary teenage girl that happens to be transgender.” —@TheOrdinaryGrl_ https://t.co/
Twitter,2,Likely to fizzle,60,1682,2420,6522.0,6.217,Your Twitter archive is being gradually rolled out to users. Learn more about how to revisit your old Tweets here: http:
cnnbrk,2,Likely to fizzle,60,312,265,842.0,0.611,"Ecuador will allow Swedish officials to question WikiLeaks founder Julian Assange in Ecuadorian embassy in London. 
htt"
instagram,2,Likely to fizzle,60,1347,281,1909.0,1.402,"“Whenever I have a lack of inspiration, I take a walk near the water.” —Illustrator Doro Ottermann #WHPpatterns https://"
instagram,2,Likely to fizzle,60,1105,315,1735.0,1.274,Most entertaining sleeping baby ever 👶  (via @HuffPostParents) https://t.co/bChTZ2xF6j
YouTube,32,Limited spread,292,17,6,29.0,0.021,@kat_blaque We're thrilled that you could be in it! Hope you enjoyed the video! #KeepMakingHistory
Twitter,6,Likely to fizzle,87,402,128,658.0,0.627,"@SabrinaAnnLynn And in the words of MLK himself, ""Love is the only force capable of transforming an enemy into a friend."
Twitter,2,Likely to fizzle,60,136,205,546.0,0.52,Who joined Twitter in 2011? Day two of our annual #YearInReview series: http://t.co/6hEHtyeX
Twitter,29,Limited spread,277,27,17,61.0,0.058,"@IainRoster Cheers, Iain! Happy Birthday!🎈"
YouTube,2,Likely to fizzle,60,363,103,569.0,0.417,@IISuperwomanII 🦄  Congrats on the #Streamys win!! 🦄 https://t.co/3FridIxqo7
instagram,2,Likely to fizzle,60,1689,493,2675.0,1.964,Old-school Mumbai taxis get made over with @TaxiFabric https://t.co/ru0QAZYh2W https://t.co/Vxe1xzOAOQ
instagram,2,Likely to fizzle,60,946,194,1334.0,0.979,"Wherever you are, enjoy this gorgeous sunset from InstaMeet #WWIM13_Singapore. #LifeOnEarthWWIM13 https://t.co/WRf1Uj3ic"
YouTube,2,Likely to fizzle,60,1526,442,2410.0,1.766,Heading to into the weekend like → https://t.co/oqvNSWgnAH https://t.co/kBNNFDjOPx
Twitter,2,Likely to fizzle,60,88,252,592.0,0.564,A Triumph for Chile http://t.co/pNONYjo
YouTube,2,Likely to fizzle,60,2138,439,3016.0,2.21,It’s #WorldSmileDay so we made this playlist just for you → https://t.co/7qSce8JMNI 😀😀😀 https://t.co/wdveAE1olx
YouTube,2,Likely to fizzle,60,1135,279,1693.0,1.24,"🎶 Haᵃˡˡelᵤⱼaaaaah 

Let @PTXOfficial sing you something soothing →https://t.co/DFXC9gFPMQ https://t.co/QMZ9jQd15u"
instagram,2,Likely to fizzle,60,2136,437,3010.0,2.21,Featured submissions from this weekend’s hashtag project: #WHPtraditions https://t.co/gfTVkaR08L https://t.co/515QbI6WsO
instagram,2,Likely to fizzle,60,717,132,981.0,0.72,Instagrammers at #wwim14valencia in Spain were treated to a surreal sunset 🌅 #WWIM14🍴 https://t.co/LKuxjh4mUm
instagram,2,Likely to fizzle,60,923,148,1219.0,0.894,"️♥️+😸=😻  #WHPrealemojis
https://t.co/2UiOhGIqzJ"
instagram,2,Likely to fizzle,60,638,102,842.0,0.618,"A long walk down the aisle in Chihuahua, Mexico https://t.co/EC1pdbwSkT"
YouTube,2,Likely to fizzle,60,2091,421,2933.0,2.149,.@FLOTUS has met her dancing match! It's never too late to celebrate #BlackHistoryMonth. https://t.co/BUAjl36jR7 https:/
YouTube,2,Likely to fizzle,60,1178,277,1732.0,1.269,Weekend’s here. Later guys. https://t.co/vl6y5TXSv5 https://t.co/C3xw9k0IqO
instagram,2,Likely to fizzle,60,855,179,1213.0,0.89,Conserving Africa’s wildlife through art with @mamachui2 https://t.co/qFTnnEr43q
YouTube,2,Likely to fizzle,60,1107,119,1345.0,0.985,Everything you’ve ever wanted to know about @KendallJenner → https://t.co/nD7KjQQjsJ https://t.co/CR4TNYhHua
YouTube,11,Likely to fizzle,115,122,12,146.0,0.107,"@TimothyDeLaG When we think of you, we are going to think of this image from now on. #YouTubeRewind"
YouTube,2,Likely to fizzle,60,1250,203,1656.0,1.213,"List of strange things:
🔸 Eleven’s origins
🔸 Demogorgon
🔸 Pop Rocks
🔸 Gak

https://t.co/usCSsQwobR https://t.co/Vg"
instagram,5,Likely to fizzle,87,3029,1108,5245.0,3.851,“Of course I am a real ghost. If I were a normal person I wouldn’t be wearing a sheet.”—Mr. Boo
YouTube,15,Likely to fizzle,146,89,14,117.0,0.086,@GloZell Ooooo our favorite videos are when DeOnzell shows up!
Twitter,4,Likely to fizzle,72,24,8,40.0,0.038,"@williamnelligan Hey William! Links will still count for characters, but attaching photos, videos, GIFs, polls and Quote"
cnnbrk,2,Likely to fizzle,60,497,284,1065.0,0.772,"FARC rebels free 8 child soldiers in Colombia as part of potential peace deal, Red Cross says. https://t.co/o99bzmnZfE"
YouTube,2,Likely to fizzle,60,2277,529,3335.0,2.443,#KiteGoals https://t.co/tsYWE9KKuD https://t.co/lWA2xiui9d
instagram,2,Likely to fizzle,60,1057,209,1475.0,1.083,"#WeeklyFluff, trio of South African rescue felines edition: https://t.co/nbOo0oqfVj"
Twitter,2,Likely to fizzle,60,65,9,83.0,0.079,@mashtonaddy #LoveTwitter https://t.co/iFvBsi5LoD
instagram,2,Likely to fizzle,60,2154,472,3098.0,2.275,Participate in this weekend’s hashtag project: #WHPsplitsecond https://t.co/GL7sUznp2F https://t.co/2RrPwFNMQO
instagram,2,Likely to fizzle,60,1516,354,2224.0,1.633,"In the US, celebrate by watching the BEST videos, including @FinalCutKing's on Explore. Share yours #IGHalloween https:/"
YouTube,2,Likely to fizzle,60,1040,189,1418.0,1.039,When you eat meat for the first time in 22 years. https://t.co/6b4GQH1YEP https://t.co/IcMcJCG7Ew
YouTube,2,Likely to fizzle,60,2548,476,3500.0,2.564,When you look in the mirror and realize you've turned into a terrifying squid. https://t.co/KPf7HgvXMT #squidgoals https
cnnbrk,2,Likely to fizzle,60,472,341,1154.0,0.837,PA Attorney General Kathleen Kane has announced her resignation after being convicted of perjury and obstruction. https:
instagram,2,Likely to fizzle,60,3272,1075,5422.0,3.981,Nerding out on gorgeous landscape photography with @kloa_jadda https://t.co/zo6NlRTRwl https://t.co/QVoYQYxrUG
instagram,2,Likely to fizzle,60,1036,204,1444.0,1.06,Jamie Jones sings the blues with her dog Mookie for #WHPsightsandsounds https://t.co/HwMV5TKUoX
instagram,2,Likely to fizzle,60,855,152,1159.0,0.85,ICYMI: An awesome animation from @beck's 18-artist mashup of #beckWOW https://t.co/lDTwi48A5Z
Twitter,2,Likely to fizzle,60,56,103,262.0,0.25,We've painted a new Twitter Tale with @MuseumModernArt: Twitter is about Art http://t.co/NpuBoj7
Twitter,2,Likely to fizzle,60,511,177,865.0,0.825,Get the best of Twitter with play-by-play coverage of #WorldSeries Game 3 ⚾️ https://t.co/jSQewam4wf
Twitter,2,Likely to fizzle,60,24,10,44.0,0.042,@buggaie0512 https://t.co/DhLjjb9Kb8
Twitter,2,Likely to fizzle,60,89,328,745.0,0.71,#newtwitterceo http://t.co/9g5cLVO
Twitter,2,Likely to fizzle,60,1679,766,3211.0,3.061,"Celebrate our beautiful 🌍 #EarthDay 

https://t.co/QlVjhTbRgu https://t.co/2BWYMPOHpG"
Twitter,2,Likely to fizzle,60,547,206,959.0,0.914,Happening now: Follow @IliadLive as they live-Tweet the battles and divine interventions of Homer's The #Iliad. https://
cnnbrk,2,Likely to fizzle,60,319,242,803.0,0.582,"Bombings suspect Ahmad Rahami is unconscious and intubated at a NJ hospital, FBI says https://t.co/zXVHvPuycs https://t."
YouTube,2,Likely to fizzle,60,1413,218,1849.0,1.355,Never trust a big puff and a smile. https://t.co/aMehOaZipB https://t.co/ZPLg2Fl3Ne
Twitter,4,Likely to fizzle,76,281,2011,4303.0,4.102,"Yesterday, we saw more than 600,000 signups. It took us more than *16 months* to reach the first 600,000 Twitter account"
instagram,2,Likely to fizzle,60,533,92,717.0,0.526,Tasting the rainbow with 🍝 artist @SaltySeattle https://t.co/0JvsFN2xaq
Twitter,2,Likely to fizzle,60,66,214,494.0,0.471,Your tweets will help @JimmyFallon introduce the presenters at the Emmy Awards on Sunday: http://t.co/iLejwLp #imontheem
YouTube,42,Limited spread,431,186,49,284.0,0.208,"@Sia Such an accomplishment! Congratulations, you incredible artist you."
YouTube,74,Has legs,908,221,12,245.0,0.179,@MKBHD Can’t wait for your take on everything!
instagram,2,Likely to fizzle,60,1072,477,2026.0,1.488,Now you can mention people in your Instagram Stories. Try it with your friends! https://t.co/sdYOni8nwc https://t.co/gvF
instagram,2,Likely to fizzle,60,946,151,1248.0,0.915,"Ahoy! Meet today's #WeeklyFluff treasure, one-eyed @piratecatwillie https://t.co/QD7vZ7QOXo"
YouTube,2,Likely to fizzle,60,2620,489,3598.0,2.636,It’s a party in the USA and we’ve got all the BBQ jams you need → https://t.co/B9LIEWqmo4 #HappyFourthOfJuly https://t.c
YouTube,2,Likely to fizzle,60,1203,188,1579.0,1.16,"Always stoked to see YouTubers on TV. Congrats, @SimoneGiertz 👏 👏 👏 https://t.co/q0Y4xa09Ui https://t.co/H6i9PhlPdD"
instagram,2,Likely to fizzle,60,1788,559,2906.0,2.134,"#DailyFluff #MayThe4thBeWithYou
https://t.co/Gr95DKfNaE 🐾 https://t.co/fnIRomNb4s"
Twitter,2,Likely to fizzle,60,713,164,1041.0,0.992,Rewind to the best moments from last night's #TNF matchup between the @Broncos and @Chargers. https://t.co/FtO8fjXg6Q
instagram,2,Likely to fizzle,60,926,176,1278.0,0.938,Get ready to celebrate #LegallyBlonde15 with @RWitherspoon tomorrow on Instagram! #BendAndSnap 🎀 https://t.co/yWWeW70a3n
YouTube,2,Likely to fizzle,60,3031,809,4649.0,3.406,Drumming outside the lines with the Slow Mo Guys. https://t.co/SCrpX8n5rC https://t.co/MraxrJ3K6e
cnnbrk,2,Likely to fizzle,60,331,329,989.0,0.717,Oil prices leap after Russia and others agree to reduce their output. https://t.co/txOfYgnh4v https://t.co/vqRyEM2NuO
YouTube,2,Likely to fizzle,60,1479,625,2729.0,1.999,".@justinbieber, @MAJORLAZER &amp; @MOMOMOYOUTH dropped the dance vid for #ColdWater and it’s 🔥 →https://t.co/34uHYckelQ "
Twitter,2,Likely to fizzle,60,109,14,137.0,0.13,@LadySarahWoo Our kind of story time! #LoveTwitter https://t.co/5pG9iEjSIF
cnnbrk,2,Likely to fizzle,60,566,223,1012.0,0.734,"BREAKING: Republican Todd Young will win the Indiana Senate seat, CNN projects, a key hold for the GOP… https://t.co/BRl"
Twitter,2,Likely to fizzle,60,441,772,1985.0,1.892,Happy New Year! See the spikes in Tweets per second as people celebrated around the world: http://t.co/h1xvisAP
YouTube,2,Likely to fizzle,60,1041,147,1335.0,0.978,"Feeling very, very grounded after this video: https://t.co/zy8jmSo3Uk https://t.co/c56rqsggTU"
cnnbrk,2,Likely to fizzle,60,4996,4834,14664.0,10.634,"Part of Melania Trump speech plagiarized from Michelle Obama’s. Watch them side-by-side. 
https://t.co/tiTOR8iH6L https"
instagram,2,Likely to fizzle,60,873,173,1219.0,0.894,"Planting trees for a greener tomorrow at InstaMeet #wwim13krsk in Tatyshev Island, Russia #LifeOnEarthWWIM13🌱  https://t"
Twitter,2,Likely to fizzle,60,140,295,730.0,0.695,#FF Follow your mom in honor of Mother's Day! http://t.co/MJQc1CU
instagram,2,Likely to fizzle,60,708,132,972.0,0.713,Unforgettable #promposals (via @mashable)💐 https://t.co/NMqvkbzSmd
YouTube,2,Likely to fizzle,60,849,119,1087.0,0.796,"🍃🌿🌱👹🌱🌿🍃 

A chilled-out animated jungle adventure with @cheloumusic → https://t.co/NGHrusmHYG https://t.co/BgsY1KzCoD"
instagram,2,Likely to fizzle,60,1192,220,1632.0,1.199,It's a sweet day for bunnies and wannabe-bunnies. Watch #Easter pets scamper on Explore! https://t.co/77kaE7yxKa
Twitter,2,Likely to fizzle,60,357,656,1669.0,1.591,Tips from Twitter for keeping your account safe and secure: http://t.co/g0d6umq
YouTube,17,Likely to fizzle,171,63,13,89.0,0.065,@ItGetsBetter We love seeing unity like this. Thanks for the 💖 #ProudToBe
YouTube,18,Likely to fizzle,158,306,43,392.0,0.287,@camerondallas This. This is a good idea.
YouTube,2,Likely to fizzle,60,1080,215,1510.0,1.108,What would happen if everyone’s search history was made public? Find out on #BadInternet. https://t.co/SPmA9ziQJj https:
YouTube,35,Limited spread,348,22,3,28.0,0.02,@Lysi98 We're glad you like it! #ProudToBe
YouTube,2,Likely to fizzle,60,1576,404,2384.0,1.747,.@FKAtwigs performs #GoodToLove on @FallonTonight. https://t.co/57SLguM3lJ https://t.co/ElPJyIrv2F
Twitter,28,Limited spread,248,594,334,1262.0,1.203,"Need help with your account? Curious about how to get the most out of Twitter? Follow @support for tips, tricks and assi"
Twitter,2,Likely to fizzle,60,371,1482,3335.0,3.179,See the topography of Tweets come alive in these geotagged data visualizations: https://t.co/as5cb6R7Cr
Twitter,2,Likely to fizzle,60,2004,780,3564.0,3.398,"No matter what language you speak, make your voice heard.

Remember to get out and vote, and share that you've done… h"
cnnbrk,2,Likely to fizzle,60,563,275,1113.0,0.807,President-elect Trump says US must strengthen and expand nuclear capability https://t.co/98eIiV0Pqx https://t.co/Epbr9ry
Twitter,2,Likely to fizzle,60,686,241,1168.0,1.113,"From📱 to 📺

We’ve been named @AppStore’s Apple TV App of the Year for 2016! 🎉
https://t.co/krf9thhhxI"
Twitter,2,Likely to fizzle,60,387,185,757.0,0.721,🇺🇸 💰 📲 https://t.co/LMsW62WQv3
instagram,2,Likely to fizzle,60,709,145,999.0,0.733,Explore a world of hand-printed witchcraft https://t.co/QVgEQmUran
instagram,2,Likely to fizzle,60,1033,185,1403.0,1.03,A cat and dog that we can't. Stop. Watching. 😺🐶 https://t.co/wfYysnXUnI
Twitter,2,Likely to fizzle,60,1671,423,2517.0,2.399,"Can't pop, won't pop🎈

https://t.co/HDSjpxYHqy
https://t.co/EI4FIBlXLF"
YouTube,2,Likely to fizzle,60,576,121,818.0,0.599,"Thar she blows, brah!

Windsurfing in Extreme Hurricane Conditions → https://t.co/BIAJlsTkAc https://t.co/wFr2yOo7MT"
YouTube,2,Likely to fizzle,60,1219,208,1635.0,1.198,"The fact that a pizza equation includes a π symbol is too coincidental.

Illuminati? 🤔 https://t.co/izX6HcLuvi https:/"
Twitter,2,Likely to fizzle,60,1711,3208,8127.0,7.747,Photos are getting more social. We're unveiling two new features: photo tagging &amp; adding up to 4 photos per Tweet: h
YouTube,2,Likely to fizzle,60,456,68,592.0,0.434,"MARS OR BUST

One girl's journey to the red planet → https://t.co/Ryy1n0o2zJ https://t.co/ZM9tT33ZFF"
YouTube,2,Likely to fizzle,60,986,153,1292.0,0.947,"Sorry, but this eagle is cooler than your frenchie. https://t.co/A79p3RMfrk https://t.co/XpjrZ3IMWP"
cnnbrk,2,Likely to fizzle,60,1272,631,2534.0,1.838,"US economy added 156,000 jobs in December and unemployment rate inched up to 4.7% in last jobs report under Obama. https"
YouTube,2,Likely to fizzle,60,1232,222,1676.0,1.228,Don’t do this. https://t.co/E2bYuW24vY #WednesdayWisdom https://t.co/rR2McLTLv7
Twitter,22,Likely to fizzle,191,1207,625,2457.0,2.342,"Welcome @omidkordestani, our Board’s new Executive Chairman!"
YouTube,3,Likely to fizzle,72,7146,1270,9686.0,7.096,"Why so macabre, #EdgarAllanPug? #ScarePewDiePie https://t.co/fbWsVbgYoM https://t.co/diY4pxrc7S"
instagram,2,Likely to fizzle,60,986,181,1348.0,0.989,“I’m humbled to be in a category with women I admire and adore.” —Golden Globe nominee @HereIsGina 💕 https://t.co/PdY7Er
instagram,2,Likely to fizzle,60,1457,370,2197.0,1.613,"This week, the Eiffel Tower celebrates its 127th Anniversary! https://t.co/HhxVwJy0I7"
cnnbrk,2,Likely to fizzle,60,533,375,1283.0,0.93,Fed fines Goldman Sachs $36 million for leaking confidential documents https://t.co/JwaFHFFxy6 https://t.co/A5HsdRSXLK
instagram,3,Likely to fizzle,68,1083,244,1571.0,1.154,"#WWIM13 is coming up! Register to host an event in your city, and request an Earth Day InstaMeet kit 🌎 https://t.co/envx"
YouTube,2,Likely to fizzle,60,1555,270,2095.0,1.535,It’s #NationalBirdDay so we found this video for your cat → https://t.co/6wpigcjOMQ https://t.co/LPEkgdCvT3
YouTube,7,Likely to fizzle,95,115,9,133.0,0.097,"@JeromeASF Congratulations, Jerome! Nothing like a most viewed day."
YouTube,2,Likely to fizzle,60,1315,298,1911.0,1.4,Downhill ice skating is intense! https://t.co/ZM5tf1jgEO https://t.co/47aLwO74rI
instagram,2,Likely to fizzle,60,1073,220,1513.0,1.111,Featured submissions from this weekend’s hashtag project: #WHPonthego https://t.co/IOLgwzRnJi https://t.co/YR6LP0C6ZS
YouTube,2,Likely to fizzle,60,1299,147,1593.0,1.169,"Pumkin-ier. 
Spicier. 
Latte-ier. 

Drinking the world’s largest PSL → https://t.co/q75rarxAz4 https://t.co/aAaqsruh"
cnnbrk,2,Likely to fizzle,60,1777,1465,4707.0,3.413,"BREAKING: Republicans will retain control of the US House, CNN projects https://t.co/tlDCvOP2TE #CNNElection https://t.c"
instagram,2,Likely to fizzle,60,1542,315,2172.0,1.595,"One couple. 2,800 square feet. 243 hand-painted species of birds. https://t.co/3lAMZyBWmQ"
instagram,2,Likely to fizzle,60,1095,192,1479.0,1.086,A dachshund in Russia gets a boost https://t.co/d7pxPFDjHK
YouTube,2,Likely to fizzle,60,1932,434,2800.0,2.051,Science FTW! https://t.co/CZqloCjHvj https://t.co/rhVDyn2KW1
cnnbrk,2,Likely to fizzle,60,209,281,771.0,0.559,"ISIS claims responsibility for attack on an oil field near northern Iraqi city of Kirkuk, source says. https://t.co/MLY3"
YouTube,2,Likely to fizzle,60,3856,799,5454.0,3.996,.@IISuperwomanII is the hero that #PrankAcademy deserves. https://t.co/K6UHGosWm5
YouTube,6,Likely to fizzle,85,71,9,89.0,0.065,@MKBHD Bless. #voteIRL
Twitter,2,Likely to fizzle,60,217,478,1173.0,1.118,"مجموعة جديدة مقترحة من توتير: ""أصوات مصرية"": نخبة من المشتركين يدلون بآرائهم حول الشأن المصري من داخل مصر و خارجها  http"
cnnbrk,2,Likely to fizzle,60,406,373,1152.0,0.835,"The suspect in the shooting at an Oklahoma City airport has been found dead in a vehicle, police said.… https://t.co/e8x"
YouTube,2,Likely to fizzle,60,1222,307,1836.0,1.345,What happens next will make you glad you're not a reptile. https://t.co/KB6cRLTxcj https://t.co/Arx1V6aF7P
cnnbrk,2,Likely to fizzle,60,757,930,2617.0,1.901,"Evacuations under way near Gatlinburg, Tennessee, as high winds hamper firefighters' efforts to quell wildfires.… https:"
Twitter,2,Likely to fizzle,60,588,202,992.0,0.946,"#TNF is streaming LIVE on Twitter this Thursday! 

Cheer on your favorite team with #Saints50 or #KeepPounding
https:"
Twitter,2,Likely to fizzle,60,1013,280,1573.0,1.5,"Glad we get to ""See You Again"" and again on Twitter! Thanks, @wizkhalifa. #LoveTwitter https://t.co/qfjDM8Tm0k"
YouTube,2,Likely to fizzle,60,4095,1014,6123.0,4.486,Blowing up spray paint with The Slow Mo Guys.💥 💥 💥  https://t.co/IYpOdByvSI https://t.co/hU2ZsDuaM3
cnnbrk,2,Likely to fizzle,60,969,579,2127.0,1.542,Japanese PM Shinzo Abe will become the country’s first leader to visit Pearl Harbor. https://t.co/34ZIdNzwRW
instagram,2,Likely to fizzle,60,1084,183,1450.0,1.065,"Get carried away with horses from around the world, now featured on Explore https://t.co/IuVPuCTsBG"
YouTube,2,Likely to fizzle,60,1332,304,1940.0,1.421,Ken Block’s chain hits his chest when he’s banging on the dashboard. https://t.co/XxVt83ROjD #Gymkhana8 https://t.co/rNO
Twitter,3,Likely to fizzle,65,1323,578,2479.0,2.363,"Thanks to @NASA, our #TravelTuesday bucket list just got a little longer. 🚀 https://t.co/lklwi0ZQBb"
YouTube,5,Likely to fizzle,82,2852,511,3874.0,2.838,Have you seen @at2ui's special @Snapchat filter in the US? @IISuperwomanII definitely has. Post yours too! https://t.co/
YouTube,11,Likely to fizzle,107,52,10,72.0,0.053,@DaniCim Favorited!
cnnbrk,2,Likely to fizzle,60,321,132,585.0,0.424,"Donald Trump defends calling Hillary Clinton a ""bigot"" https://t.co/vXyewdSrA3"
YouTube,2,Likely to fizzle,60,2078,390,2858.0,2.094,"YAAAAAAAAAAAAAAAAAAAAS, @Mike_Senatore https://t.co/EDdnrjD0gu #YouTubeRewind https://t.co/MuXDkqhZmB"
YouTube,6,Likely to fizzle,89,1608,202,2012.0,1.474,Well what is it then? https://t.co/96XexIH95s https://t.co/qQfxNJiDkZ
cnnbrk,2,Likely to fizzle,60,246,166,578.0,0.419,Israel Defense Forces identifies 4 soldiers killed in Sunday's Jerusalem truck attack. https://t.co/YiUepD1BLx https://t
cnnbrk,2,Likely to fizzle,60,947,1144,3235.0,2.346,Cousin of NBA star Dwyane Wade was killed in crossfire in Chicago while walking to school to register her children. http
Twitter,2,Likely to fizzle,60,298,55,408.0,0.389,"@Chionus Thanks Marti, have a great day! #LoveTwitter https://t.co/8kW081wOtM"
YouTube,22,Likely to fizzle,201,459,47,553.0,0.405,"@johngreen Sir, you are just too kind. Tears of gratitude flood the YouTube office. Thanks John!"
YouTube,3,Likely to fizzle,71,1447,258,1963.0,1.438,[LIVE] Day 2 of our #EDC20 livestream starts now. Let’s dance! https://t.co/XaQ3HPwU6Q https://t.co/rtl7YBOhvf
cnnbrk,2,Likely to fizzle,60,880,624,2128.0,1.543,"Boko Haram militants handed over 21 missing Chibok schoolgirls to Nigerian government, source says.… https://t.co/PfYu2f"
YouTube,6,Likely to fizzle,84,17,5,27.0,0.02,@Dissimulato 🌀🌀🌀🌀
instagram,2,Likely to fizzle,60,546,86,718.0,0.527,Louis Mendes stands out in NYC’s streets #WHPlocallegends https://t.co/omwQvmxesi
Twitter,2,Likely to fizzle,60,831,243,1317.0,1.255,"Your favorite events, right in your timeline! Follow a Moment for live updates from #Rio2016 https://t.co/IqXfQwA1ll
ht"
Twitter,3,Likely to fizzle,71,59,31,121.0,0.115,"@MekanSSJ As the ancient proverb goes:

A phone does not Tweet if a phone does not charge.

...Or something like tha"
instagram,2,Likely to fizzle,60,579,105,789.0,0.579,".@tom_sachs’ art takes us to Europa, Jupiter’s icy moon 🚀
https://t.co/ylUbjMeBUY https://t.co/weXMBktObE"
cnnbrk,2,Likely to fizzle,60,196,203,602.0,0.437,"Explosion near Coptic church in Cairo kills at least 5 people and injures 10, local media say.… https://t.co/PE11M9W8hU"
Twitter,4,Likely to fizzle,76,30,12,54.0,0.051,@rwkeys It's never too late! Perhaps you will find this list interesting &gt; http://t.co/XInweDg
Twitter,2,Likely to fizzle,60,561,157,875.0,0.833,¡Bienvenido! Twitter Moments is now live in Mexico! ⚡️ https://t.co/pD9hZWqAkk
Twitter,4,Likely to fizzle,70,1587,524,2635.0,2.512,Now live: 74 new #Stickers to use and explore on Twitter! What's your favorite? We're pretty stuck on these. ⬇️ https://
YouTube,2,Likely to fizzle,60,1329,188,1705.0,1.249,"A classic tale of unrequited love, ghosts, and @TPAIN.
@smosh’s movie #Ghostmates drops 12/14 →… https://t.co/4Y9Nh2a5b"
Twitter,2,Likely to fizzle,60,999,257,1513.0,1.442,"It's all happening! ✨

Get ready to share your reactions this Sunday as the #GoldenGlobes Red Carpet streams LIVE o… h"
cnnbrk,2,Likely to fizzle,60,262,312,886.0,0.642,"BBs, ball bearings appeared to be packed into both pressure cooker bombs in NY, law enforcement official says. https://t"
cnnbrk,2,Likely to fizzle,60,2005,1137,4279.0,3.103,"Mexico says if Trump hits them with a ""major border tax"" they will take ""fiscal action that clearly neutralizes it""… htt"
Twitter,2,Likely to fizzle,60,428,467,1362.0,1.298,In which we @twitter give #Thanks - https://t.co/wmYkIu1j2V - for you and yours.
YouTube,13,Likely to fizzle,107,24,5,34.0,0.025,"@RichardWiseman We bet you appreciate it. Sorry, we couldn't resist... 😛"
Twitter,6,Likely to fizzle,84,280,424,1128.0,1.075,"Thanks, @Bing! We think it's great that people can tap directly into @twitter from @Bing to get up-to-the-minute informa"
cnnbrk,2,Likely to fizzle,60,208,105,418.0,0.303,Sec. of Defense Ash Carter makes unannounced visit to Afghanistan as Obama plans handoff of 15-year war.… https://t.co/9
instagram,2,Likely to fizzle,60,926,186,1298.0,0.953,Exploring the wild watercolors of artist @staceyrozich https://t.co/zpZ9BBCNM6
cnnbrk,2,Likely to fizzle,60,556,1050,2656.0,1.927,"At least 29 people hurt in NYC explosion; 24 of them have been hospitalized, officials say. https://t.co/LNAJBK7PjT http"
cnnbrk,2,Likely to fizzle,60,577,469,1515.0,1.099,Jurors have reached a verdict in the penalty phase of the trial of convicted Charleston church shooter Dylann Roof. http
YouTube,2,Likely to fizzle,60,5290,2405,10100.0,7.399,.@Rubiu5 loves to werk werk werk werk. https://t.co/EDdnrjD0gu #YouTubeRewind https://t.co/1jytPa6QES
YouTube,2,Likely to fizzle,60,1527,258,2043.0,1.497,We ❤ @TapeFaceBoy. https://t.co/bDVWLvcQbW https://t.co/faZhx2OxEw
Twitter,2,Likely to fizzle,60,425,175,775.0,0.739,The first pitch of the @MLB #WorldSeries is in 1 hour! See how teams &amp; fans are getting pumped for the big game: htt
YouTube,5,Likely to fizzle,82,96,3,102.0,0.075,@EvanEdinger 😸😸😸
instagram,2,Likely to fizzle,60,2524,634,3792.0,2.784,A colorful Japanese character a day with Mika Yamada https://t.co/WvK0N3jkmE https://t.co/9LAy4AKMmF
Twitter,2,Likely to fizzle,60,1281,959,3199.0,3.05,"Long DM's for all! The update is now available to everyone. Take it from @dschwen, don't hold back. http://t.co/PQgxQxnF"
YouTube,2,Likely to fizzle,60,2139,611,3361.0,2.462,"🐈 
🐈 

Best Friends Furever. https://t.co/bc6Sbjo1jy https://t.co/Wzqq9Tobeo"
YouTube,2,Likely to fizzle,66,1000,160,1320.0,0.967,"When you play the game of thrones, you bark or you meow. https://t.co/rllfMF9Tdr https://t.co/ZwzF6GwAcj"
instagram,2,Likely to fizzle,60,1794,437,2668.0,1.959,#WeeklyFluff https://t.co/vBELnuZnQ7
cnnbrk,2,Likely to fizzle,60,206,195,596.0,0.432,"Heavy rains triggered flooding, landslides in China this week, leaving at least 72 people dead, authorities say. https:/"
cnnbrk,2,Likely to fizzle,60,249,132,513.0,0.372,"University of Minnesota football team agrees to play in the Holiday Bowl after threatening to skip it, team says. https:"
Twitter,9,Likely to fizzle,105,62,130,322.0,0.307,#AskEv your questions about #newTwitter. He's going to start responding from his personal account (@ev) now!
cnnbrk,2,Likely to fizzle,60,1033,1421,3875.0,2.812,"Man shot in leg by North Miami Police was lying down with hands up, lawyer says. https://t.co/ZitlTQC0YJ https://t.co/9E"
instagram,6,Likely to fizzle,84,847,189,1225.0,0.899,Surfing in Munich? Why not https://t.co/s3mJ6oFx7a
YouTube,2,Likely to fizzle,60,1515,260,2035.0,1.491,We’ll believe that when pigs surf. Wait. https://t.co/ap4wfYnrko https://t.co/tTzWn98iTf
cnnbrk,2,Likely to fizzle,60,3093,2038,7169.0,5.199,'Sickened': Paul Ryan announces Donald Trump won't attend GOP event after news of nominee's lewd comments surfaced. http
instagram,2,Likely to fizzle,60,1438,299,2036.0,1.495,Painting pop culture with @heatherfuture https://t.co/T69J7npeyf https://t.co/93hUump4VB
Twitter,41,Limited spread,377,14,3,20.0,0.019,@Magic20099 Couldn’t agree more. His work will live on forever.
Twitter,2,Likely to fizzle,60,2402,2399,7200.0,6.864,"Starting today you can choose to try our new feature, so you'll never miss important Tweets from people you follow: http"
YouTube,7,Likely to fizzle,87,531,78,687.0,0.503,Can you guess these objects before the zoom-out? https://t.co/fzCBtICgtZ https://t.co/JbVIaOJZDM
cnnbrk,2,Likely to fizzle,60,379,339,1057.0,0.766,"Fox News chief Roger Ailes leaves network after harassment allegations. Rupert Murdoch now CEO, company says https://t.c"
YouTube,6,Likely to fizzle,85,381,48,477.0,0.349,@rhettandlink We're a little concerned about you two.
instagram,2,Likely to fizzle,60,574,132,838.0,0.615,"Summer, freedom and fresh Georgia goodness with @ThePeachTruck  https://t.co/3tVkWHmw8j"
instagram,2,Likely to fizzle,60,880,182,1244.0,0.913,"At the #MetGala, Gordon von Steiner created futuristic video portraits https://t.co/6XUWxP4MUc"
Twitter,2,Likely to fizzle,60,870,190,1250.0,1.192,"The perfect start to the weekend.

Catch the recap from last night’s #NYGvsPHI live stream.👇 https://t.co/vtoZBDEeLF"
cnnbrk,2,Likely to fizzle,60,583,442,1467.0,1.064,"Bob Dylan will not travel to Sweden to receive his Nobel Prize for Literature, the Swedish Academy says. https://t.co/Ru"
cnnbrk,3,Likely to fizzle,69,363,240,843.0,0.611,"Seven arrested after breaching perimeter fence at DNC, Secret Service says. https://t.co/Tj7b0BAKBS"
YouTube,2,Likely to fizzle,60,1229,248,1725.0,1.266,"|
\🐐
\
|🐐 🐐 
\
Goats on a vertical dam → https://t.co/sZiZLp2MRS https://t.co/PFxGBCVUf9"
cnnbrk,2,Likely to fizzle,60,412,370,1152.0,0.835,"For the first time, Trump said he believes Russia was behind the hacking before the election. https://t.co/xRsP634FFg"
Twitter,2,Likely to fizzle,60,78,118,314.0,0.298,Discover baseball through the lens of Twitter. http://t.co/lbHhaZP
YouTube,22,Likely to fizzle,198,65,1,67.0,0.049,@stacysays We're so excited you could make it! Thanks for being there!
Twitter,2,Likely to fizzle,60,139,503,1145.0,1.092,Twitter for Android – Now with Push Notifications and Multiple Accounts http://t.co/032yV6f
instagram,2,Likely to fizzle,60,933,198,1329.0,0.975,Chronicling life in Argentina’s countryside with Emiliano Martínez https://t.co/NeO4laCqAX
Twitter,2,Likely to fizzle,60,150,239,628.0,0.599,Does your school use Twitter in a cool way? @Stanford tops the list of most influential colleges according to @Klout htt
cnnbrk,2,Likely to fizzle,60,746,482,1710.0,1.24,The Daily Mail retracts story hours after Melania Trump files $150M libel lawsuit. https://t.co/XoBdsA8f6l https://t.co/
Twitter,2,Likely to fizzle,60,28,31,90.0,0.086,Investigating reports of duplicate SMS delivery http://bit.ly/7q12fb
cnnbrk,2,Likely to fizzle,60,1127,952,3031.0,2.198,"US pledges $38B in aid to Israel, the largest military aid package in US history https://t.co/G4eWiSDg0U https://t.co/5X"
Twitter,14,Likely to fizzle,127,106,148,402.0,0.383,Tomorrow night on @FoxNews - here's how to follow and tweet about the debate: http://t.co/p2Yi7pLt
instagram,2,Likely to fizzle,60,1167,227,1621.0,1.19,The runway is reinterpreted by these fashionable palettes (via @Dazed) https://t.co/NTmUcK7dKL
YouTube,5,Likely to fizzle,73,1942,453,2848.0,2.086,Is this how Batman v. Superman should have ended? https://t.co/7aSonj4NDa https://t.co/PDqS1o0YMx
Twitter,2,Likely to fizzle,60,22730,9716,42162.0,40.193,"""Don't cry because it's over, smile because it happened.” – Dr. Seuss https://t.co/Bs6Vos5mnX"
cnnbrk,2,Likely to fizzle,60,7285,4282,15849.0,11.493,"OLYMPICS: US becomes 1st nation to win 1,000 gold medals, according to USOC. https://t.co/rMN7pUyzn2 https://t.co/Nw6w9A"
cnnbrk,2,Likely to fizzle,60,941,714,2369.0,1.718,"Donald Trump refuses to say he would accept the result of the election: ""I will look at it at the time.""  https://t.co/e"
YouTube,4,Likely to fizzle,78,1364,226,1816.0,1.332,Waffles … put it on the pizza! Syrup? Uhhhh … put it on the pizza. https://t.co/uZqjCcSw7W https://t.co/sgfCMjzSrp
instagram,2,Likely to fizzle,60,1110,191,1492.0,1.096,Hitch a ride on a morning like this #WHPfirstlight https://t.co/YMo9oWCdbP
Twitter,2,Likely to fizzle,60,113,288,689.0,0.656,Tweet your questions for the White House's first @townhall this week. Use #AskObama and tune in July 6th at 2 PM ET at h
cnnbrk,2,Likely to fizzle,60,461,358,1177.0,0.853,Recipient of world's first face transplant dies at 49 https://t.co/oUgTvG3gWO https://t.co/FeQYbCYSbX
instagram,3,Likely to fizzle,69,994,252,1498.0,1.1,"This week, the Thai new year is celebrated with water festivals. Happy #Songkran! https://t.co/6Q2JFm3Anv"
YouTube,8,Likely to fizzle,97,50,1,52.0,0.038,@tweetsauce 🤔📦
Twitter,2,Likely to fizzle,60,105,176,457.0,0.436,Following @NASA: Learn the moonwalk http://t.co/HsC1hRE
Twitter,8,Likely to fizzle,97,96,267,630.0,0.601,Follow @gov to keep tabs on how #Election2012 plays out on @Twitter - the latest updates are there.
Twitter,17,Likely to fizzle,148,5925,3987,13899.0,13.25,"In a world where you can be anything, be kind. #WorldKindnessDay"
cnnbrk,2,Likely to fizzle,60,252,365,982.0,0.712,"Austin Police say there are ""separate shootings within the same area. Both scenes are secure at this time."" https://t.co"
instagram,2,Likely to fizzle,60,1990,456,2902.0,2.131,Featured submissions from this weekend’s hashtag project: #WHPLocalLens https://t.co/7OHC7XGyUX https://t.co/NlrKoVSCb0
Twitter,2,Likely to fizzle,60,45,147,339.0,0.323,Life would be #hardwithoutshoes. Surrender them today with @TOMSshoes to raise awareness for Barefoot Day!  http://flic.
instagram,2,Likely to fizzle,60,569,92,753.0,0.552,Photographing nostalgia with @fotografe https://t.co/uKCAdeqB1J
instagram,2,Likely to fizzle,60,540,98,736.0,0.54,"Our #BoomerangOfTheWeek = extreme 🥄🥄🥄 
https://t.co/vTVHeN6hNd"
instagram,2,Likely to fizzle,60,694,133,960.0,0.704,"A note of happiness and thanks, every day of the year #WHPresolutions
https://t.co/qxRWU7qxxU"
Twitter,2,Likely to fizzle,60,1361,490,2341.0,2.232,"Glad your brother is ok, @security_craig!

""The internet is amazing because people are amazing."" -@security_will https"
instagram,2,Likely to fizzle,60,999,247,1493.0,1.097,The sports world remembers 2 legendary coaches today #RIPPatSummitt #RIPBuddyRyan https://t.co/fxpameSDmZ
instagram,2,Likely to fizzle,60,1236,317,1870.0,1.373,"#DailyFluff
https://t.co/6fO5MhgPdN 🐾 https://t.co/m5CIHvxC6W"
YouTube,65,Has legs,664,10,5,20.0,0.015,@hootsuite @sabinaDeelight We agree! And @YTCreators is always a good resource.
YouTube,2,Likely to fizzle,60,931,117,1165.0,0.853,"Ok, we’re going to have to slow this one down. 

99 hand claps in 10 seconds →https://t.co/5Pf3g7DALr https://t.co/12I"
Twitter,2,Likely to fizzle,60,285,611,1507.0,1.437,"Just released an update to our mobile apps - includes improvements to search, autocomplete, and more. http://t.co/8PQyRH"
instagram,2,Likely to fizzle,60,847,196,1239.0,0.909,"Rock on, dads. #FathersDay 🎸  (via @AUXTV) https://t.co/NTDYMFG9sa"
cnnbrk,2,Likely to fizzle,60,271,128,527.0,0.382,President of historically black Talladega College is yet to decide if marching band will perform in inaugural parad… htt
YouTube,2,Likely to fizzle,65,4348,1029,6406.0,4.693,75 impressive impressions from @Joe_Sugg → https://t.co/swQuJvGngY https://t.co/sqCSHWWCsd
Twitter,6,Likely to fizzle,82,25,9,43.0,0.041,"@saimah_h @ShaunCampos Thanks for your question, Saimah! Links will be included, but attaching media will not count towa"
Twitter,9,Likely to fizzle,110,109,113,335.0,0.319,Funny: tweesp.com can channel your friend's Tweets to tell what they want from @Amazon using Tweet Telepathy.
Twitter,2,Likely to fizzle,60,1124,261,1646.0,1.569,"Congratulations, @MsFastTwitch! #TweetGoals 🏅 https://t.co/2VqjpmvuSh"
Twitter,2,Likely to fizzle,60,39,20,79.0,0.075,@Katie_Ferrell @MarkTaylorNBC4 This is what dreams are made of. https://t.co/a7ywHIITbE
YouTube,2,Likely to fizzle,60,1110,182,1474.0,1.08,"Hi, Sophia! https://t.co/sBCipdlUU5 https://t.co/ZmoKru0Jls"
YouTube,5,Likely to fizzle,86,341,47,435.0,0.319,@ConnorFranta @JKCorden A flawless Carpool Karaoke: #YouTubeRewind edition [✔︎]
YouTube,2,Likely to fizzle,60,591,83,757.0,0.555,"Tweet your creepiest videos with the hashtag #BOOTube and we’ll RT our faves.
But first … let us take a selfie.… https:"
Twitter,2,Likely to fizzle,60,994,141,1276.0,1.216,@dog_rates Awesome Tweet! 12/10. Would Retweet. #LoveTwitter https://t.co/j6FQGhxYuN
instagram,2,Likely to fizzle,60,556,106,768.0,0.563,A trio of friends with pies for eyes celebrating #WWIM14🍴 in Indonesia https://t.co/DZSH40mc87
YouTube,2,Likely to fizzle,60,3465,910,5285.0,3.872,.@Sup3rfruit + @marylambertsing + @brianjustincrum + @heyitsmariojose = ✨ RISE ✨ https://t.co/Bh7dQJM1nC https://t.co/Cy
instagram,2,Likely to fizzle,60,717,146,1009.0,0.74,"Participate in this weekend’s hashtag project: #WHPfamilyfeast
https://t.co/envGv330WQ https://t.co/cHYkWDZctx"
cnnbrk,2,Likely to fizzle,60,316,529,1374.0,0.996,"Total of 6 people have been confirmed killed in 6.2-magnitude quake that hit central Italy, CNN affiliate RAI says. http"
instagram,2,Likely to fizzle,60,1790,379,2548.0,1.871,Embracing adventure and taking chances with photographer Aujin Rew https://t.co/l3LBv9qI0N https://t.co/NTu4vOcayK
Twitter,9,Likely to fizzle,104,889,373,1635.0,1.559,"#CES2017 is streaming LIVE on Twitter this week with the @verge!
https://t.co/Xc5bLIuE8L"
cnnbrk,2,Likely to fizzle,60,3332,1368,6068.0,4.4,"Trump is ""insecure enough that he pumps himself up by putting other people down,"" Obama says. https://t.co/dnRxnXbJIq"
instagram,2,Likely to fizzle,60,735,122,979.0,0.718,Staying on target with Olympic archer Marcus D’Almeida 🎯  https://t.co/UqdolyMc0s
cnnbrk,2,Likely to fizzle,60,752,1190,3132.0,2.273,"2nd device found near area of New York explosion appears to be a pressure cooker with wires, officials say.  https://t.c"
Twitter,2,Likely to fizzle,60,136,45,226.0,0.215,@AlexiDrucker When is it time for presents? 😺 #LoveTwitter https://t.co/QADLSSnNX2
YouTube,2,Likely to fizzle,60,2973,1377,5727.0,4.196,.@BABYMETAL_JAPAN are back and they’re dancing with demons. https://t.co/a6oNdJ0zBW https://t.co/8OcpusPvj6
YouTube,24,Likely to fizzle,218,80,6,92.0,0.067,@GloZell @kandeejohnson @Awestruck 😱 It’s a whole new you!
YouTube,50,Has legs,519,22,4,30.0,0.022,@OliviaHas2Moms Confidence and love is exactly what you need! #ProudToBe
